{
    "rmse": 14.652987314245697,
    "mae": 10.858297348022461,
    "corr": 0.9362679412937696,
    "phm": 348.8665056040842
}